,QualiteRect,QualiteCercle
2, 0.33638460527567937, 0.24372178473538475
3, 0.31279986812309657, 0.22503006466253983
4, 0.2992162641211267, 0.2061053684663947
5, 0.28550660941884454, 0.19337824320412844
6, 0.28578397564216873, 0.13221948638004455
7, 0.2800915389144787, 0.12430920787659816
8, 0.273095021534449, 0.11816414037610756
9, 0.2741663315270344, 0.11623557577267185
10, 0.2743109552327698, 0.04989151306687978
11, 0.274021146299811, 0.04965274250787699
12, 0.27249524014058624, 0.04839556432877701
13, 0.27223252222529615, 0.048179113776844584
14, 0.27166017301723566, 0.047707561230281526
15, 0.27095201362906995, 0.047124116091965096
16, 0.2676263787804607, 0.044384160205392265
17, 0.26715717523000304, 0.0648770232390985
18, 0.26984583761562186, 0.06443487491701361
19, 0.2690580564582725, 0.03256524125695237
20, 0.2687348796326341, 0.03230228941228619
21, 0.2707479308491212, 0.03130259987600881
22, 0.26923234558793396, 0.07168752712646276
23, 0.2733855626240105, 0.09081453840682774
24, 0.2728859881705079, 0.08763308870272457
25, 0.27229953152330366, 0.08713198360728258
26, 0.2701762098399092, 0.033271745757012194
27, 0.26855999934955643, 0.03195697964665656
28, 0.2674522036872311, 0.0310558023540215
29, 0.2669118900879395, 0.030616264302787854
30, 0.2669118900879395, 0.030616264302787854
31, 0.2698386926555232, 0.030381997204773636
32, 0.2694367797435482, 0.030055874027602902
33, 0.27235625585706935, 0.029817683766384384
34, 0.2743130420685742, 0.02880347570463826
35, 0.274106491611962, 0.02863671932637346
36, 0.274106491611962, 0.02863671932637346
37, 0.27409616584677976, 0.028628382926479512
38, 0.2739722697179161, 0.028528356666217336
39, 0.2732861151944408, 0.027974396897057385
40, 0.2732861151944408, 0.027974396897057385
41, 0.2732809589373937, 0.027970234046174935
42, 0.27278100041694153, 0.02756659769735892
43, 0.2724101509860022, 0.027267196238754732
44, 0.2724101509860022, 0.027267196238754732
45, 0.2724101509860022, 0.027267196238754732
46, 0.2724101509860022, 0.027267196238754732
47, 0.2723174723927373, 0.02719237313349998
48, 0.2717771162309086, 0.026756122166072593
49, 0.27165881377525225, 0.02666061190011315
50, 0.2709391863214696, 0.026079628106317587
51, 0.2708261760509585, 0.0259883904313869
52, 0.27030761399170977, 0.025569734707627134
53, 0.2701536671675797, 0.025445447328851234
54, 0.26970230499604253, 0.02508104474051609
55, 0.2692973780352421, 0.02475413114007008
56, 0.26929225403284396, 0.02474999432964542
57, 0.26929225403284396, 0.02474999432964542
58, 0.26923076923076916, 0.02470035520959457
59, 0.26893367664032675, 0.02446050057453797
60, 0.2689029508620133, 0.024435694434697064
61, 0.26880054234661754, 0.02435301597728312
62, 0.26880054234661754, 0.02435301597728312
63, 0.26873910517141186, 0.024303415308293275
64, 0.26862136721445085, 0.02420836078452626
65, 0.26862136721445085, 0.02420836078452626
66, 0.2682478218780251, 0.02390678281446612
67, 0.2682478218780251, 0.02390678281446612
68, 0.2682478218780251, 0.02390678281446612
69, 0.2681762081844361, 0.023848966238444458
70, 0.2681762081844361, 0.023848966238444458
71, 0.268012550107676, 0.023716838580137845
72, 0.26764958453779064, 0.023423802075345446
73, 0.27360000000000007, 0.023060834641259298
74, 0.27360000000000007, 0.023060834641259298
75, 0.27360000000000007, 0.023060834641259298
76, 0.27347169050977227, 0.02295776584873055
77, 0.2732715793205984, 0.022797019994288403
78, 0.2732715793205984, 0.022797019994288403
79, 0.2732715793205984, 0.022797019994288403
80, 0.2732715793205984, 0.022797019994288403
81, 0.2732510586519361, 0.02278053609635422
82, 0.2732510586519361, 0.02278053609635422
83, 0.2732510586519361, 0.02278053609635422
84, 0.2732510586519361, 0.02278053609635422
85, 0.2732356685845059, 0.02276817352158167
86, 0.2732356685845059, 0.02276817352158167
87, 0.2732356685845059, 0.02276817352158167
88, 0.27312281945709005, 0.02267752377088872
89, 0.27312281945709005, 0.02267752377088872
90, 0.2729843501379685, 0.02256629376367081
91, 0.2729843501379685, 0.02256629376367081
92, 0.2729843501379685, 0.02256629376367081
93, 0.2729843501379685, 0.02256629376367081
94, 0.27292281788630324, 0.022516865970999556
95, 0.27292281788630324, 0.022516865970999556
96, 0.2726562468537186, 0.022302734074731267
97, 0.2726562468537186, 0.022302734074731267
98, 0.2726152458349609, 0.022269798666069818
99, 0.27261012089337067, 0.022265681889200417
100, 0.27261012089337067, 0.022265681889200417
101, 0.27261012089337067, 0.022265681889200417
102, 0.27253325172248544, 0.022203934214794163
103, 0.27238978744649933, 0.022088691845186803
104, 0.272287332766999, 0.02200639177458208
105, 0.272287332766999, 0.02200639177458208
106, 0.272287332766999, 0.02200639177458208
107, 0.272287332766999, 0.02200639177458208
108, 0.272287332766999, 0.02200639177458208
109, 0.2721900161030595, 0.021928218982940617
110, 0.2721388027857172, 0.021887080211595578
111, 0.2721388027857172, 0.021887080211595578
112, 0.27211831861328273, 0.021870625630449503
113, 0.27211831861328273, 0.021870625630449503
114, 0.2720773522473856, 0.021837718057830857
115, 0.27204662920443745, 0.021813038769230797
116, 0.2720363885199051, 0.02180481260460687
117, 0.2720363885199051, 0.02180481260460687
118, 0.27180089827588994, 0.02161564736780397
119, 0.27180089827588994, 0.02161564736780397
120, 0.27180089827588994, 0.02161564736780397
121, 0.27173436248687066, 0.021562200320184965
122, 0.27172924463761117, 0.02155808924046232
123, 0.27172924463761117, 0.02155808924046232
124, 0.27172924463761117, 0.02155808924046232
125, 0.2716780684104627, 0.02151698026302795
126, 0.27159619501360077, 0.021451212780514872
127, 0.27155014586057735, 0.021414222292978513
128, 0.27151433215843435, 0.02138545376596368
129, 0.27151433215843435, 0.02138545376596368
130, 0.271442710806048, 0.021327921573320197
131, 0.271442710806048, 0.021327921573320197
132, 0.2714171337069655, 0.021307375932353878
133, 0.2714171337069655, 0.021307375932353878
134, 0.2714171337069655, 0.021307375932353878
135, 0.2714171337069655, 0.021307375932353878
136, 0.2714171337069655, 0.021307375932353878
137, 0.2713455233037636, 0.02124985253500067
138, 0.2713455233037636, 0.02124985253500067
139, 0.2713455233037636, 0.02124985253500067
140, 0.2712483506581276, 0.021171795430769746
141, 0.27118187266942084, 0.02111839481314126
142, 0.27118187266942084, 0.02111839481314126
143, 0.27118187266942084, 0.02111839481314126
144, 0.27118187266942084, 0.02111839481314126
145, 0.2709671451381319, 0.020945907904079686
146, 0.2709671451381319, 0.020945907904079686
147, 0.2709262528805898, 0.02091305986141978
148, 0.2709262528805898, 0.02091305986141978
149, 0.2709262528805898, 0.02091305986141978
150, 0.2709262528805898, 0.02091305986141978
151, 0.2709262528805898, 0.02091305986141978
152, 0.2709262528805898, 0.02091305986141978
153, 0.2709262528805898, 0.02091305986141978
154, 0.2708955854142119, 0.02088842521651646
155, 0.2708955854142119, 0.02088842521651646
156, 0.2706962829524069, 0.020728328998771417
157, 0.2706962829524069, 0.020728328998771417
158, 0.270588992131493, 0.020642144139479957
159, 0.270588992131493, 0.020642144139479957
160, 0.270588992131493, 0.020642144139479957
161, 0.270588992131493, 0.020642144139479957
162, 0.270588992131493, 0.020642144139479957
163, 0.270588992131493, 0.020642144139479957
164, 0.27055834093897135, 0.02061752256708349
165, 0.27055834093897135, 0.02061752256708349
166, 0.27055834093897135, 0.02061752256708349
167, 0.27055834093897135, 0.02061752256708349
168, 0.2702672283500016, 0.020383676863372946
169, 0.2699813528806585, 0.0201540380472065
170, 0.2699813528806585, 0.0201540380472065
171, 0.26996093812792354, 0.02013763922970324
172, 0.26996093812792354, 0.02013763922970324
173, 0.26996093812792354, 0.02013763922970324
174, 0.26996093812792354, 0.02013763922970324
175, 0.26996093812792354, 0.02013763922970324
176, 0.26996093812792354, 0.02013763922970324
177, 0.26996093812792354, 0.02013763922970324
178, 0.26996093812792354, 0.02013763922970324
179, 0.26996093812792354, 0.02013763922970324
180, 0.26988438865023645, 0.020076148359309265
181, 0.2697772348837957, 0.019990073593503688
182, 0.2697772348837957, 0.019990073593503688
183, 0.26974662284332074, 0.019965483471268808
184, 0.26974662284332074, 0.019965483471268808
185, 0.26974662284332074, 0.019965483471268808
186, 0.26974662284332074, 0.019965483471268808
187, 0.26974662284332074, 0.019965483471268808
188, 0.26956298159203573, 0.019817967632846933
189, 0.26956298159203573, 0.019817967632846933
190, 0.26956298159203573, 0.019817967632846933
191, 0.26956298159203573, 0.019817967632846933
192, 0.26954258028748423, 0.019801579618036635
193, 0.26951197956002626, 0.01977699858335269
194, 0.26951197956002626, 0.01977699858335269
195, 0.26948648008066556, 0.01975651529296485
196, 0.26936919566824136, 0.019662302754597016
197, 0.26936919566824136, 0.019662302754597016
198, 0.26936919566824136, 0.019662302754597016
199, 0.26936919566824136, 0.019662302754597016
200, 0.26936919566824136, 0.019662302754597016
201, 0.26936919566824136, 0.019662302754597016
202, 0.26926212882521394, 0.019576297812865073
203, 0.26926212882521394, 0.019576297812865073
204, 0.26926212882521394, 0.019576297812865073
205, 0.26926212882521394, 0.019576297812865073
206, 0.26926212882521394, 0.019576297812865073
207, 0.26926212882521394, 0.019576297812865073
208, 0.26926212882521394, 0.019576297812865073
209, 0.2691092075195882, 0.019453458775044785
210, 0.2691092075195882, 0.019453458775044785
211, 0.2691092075195882, 0.019453458775044785
212, 0.2691092075195882, 0.019453458775044785
213, 0.2691092075195882, 0.019453458775044785
214, 0.2691092075195882, 0.019453458775044785
215, 0.26910411077733687, 0.019449364650216294
216, 0.26910411077733687, 0.019449364650216294
217, 0.2690837242176958, 0.019432988479737512
218, 0.2690837242176958, 0.019432988479737512
219, 0.2690837242176958, 0.019432988479737512
220, 0.2690837242176958, 0.019432988479737512
221, 0.2690837242176958, 0.019432988479737512
222, 0.2690837242176958, 0.019432988479737512
223, 0.2690837242176958, 0.019432988479737512
224, 0.269063338313013, 0.019416612835375213
225, 0.269063338313013, 0.019416612835375213
226, 0.269063338313013, 0.019416612835375213
227, 0.26901747242200447, 0.01937976955904297
228, 0.26901747242200447, 0.01937976955904297
229, 0.26901747242200447, 0.01937976955904297
230, 0.2689512275432271, 0.019326556194585676
231, 0.26889008456269115, 0.01927744109667473
232, 0.26889008456269115, 0.01927744109667473
233, 0.26889008456269115, 0.01927744109667473
234, 0.26887479973820416, 0.019265163061736645
235, 0.26887479973820416, 0.019265163061736645
236, 0.26887479973820416, 0.019265163061736645
237, 0.2686557577120101, 0.019089210393599343
238, 0.2686557577120101, 0.019089210393599343
239, 0.26862519972059196, 0.019064663688036276
240, 0.26862519972059196, 0.019064663688036276
241, 0.26862519972059196, 0.019064663688036276
242, 0.26862519972059196, 0.019064663688036276
243, 0.26862519972059196, 0.019064663688036276
244, 0.26862519972059196, 0.019064663688036276
245, 0.26862519972059196, 0.019064663688036276
246, 0.26862519972059196, 0.019064663688036276
247, 0.2685895505911162, 0.01903602735939658
248, 0.2685895505911162, 0.01903602735939658
249, 0.2685742730060856, 0.01902375513978871
250, 0.2685640881538276, 0.01901557382426433
251, 0.2685640881538276, 0.01901557382426433
252, 0.26849279876687904, 0.018958308293711035
253, 0.26849279876687904, 0.018958308293711035
254, 0.2684520655716649, 0.018925588023065876
255, 0.2684520655716649, 0.018925588023065876
256, 0.2684520655716649, 0.018925588023065876
257, 0.2684520655716649, 0.018925588023065876
258, 0.2684113349923738, 0.01889286985374672
259, 0.2684113349923738, 0.01889286985374672
260, 0.2684113349923738, 0.01889286985374672
261, 0.2684113349923738, 0.01889286985374672
262, 0.2684113349923738, 0.01889286985374672
263, 0.2683807887744536, 0.0188683326056307
264, 0.2683807887744536, 0.0188683326056307
265, 0.2683807887744536, 0.0188683326056307
266, 0.2683706070287539, 0.01886015378555106
267, 0.2683706070287539, 0.01886015378555106
268, 0.2683706070287539, 0.01886015378555106
269, 0.2683706070287539, 0.01886015378555106
270, 0.2683706070287539, 0.01886015378555106
271, 0.2683706070287539, 0.01886015378555106
272, 0.2683553347166978, 0.018847885801632103
273, 0.2683044296659589, 0.028969595057636743
274, 0.2683044296659589, 0.028969595057636743
275, 0.2682179004567016, 0.02889939430509858
276, 0.2682179004567016, 0.02889939430509858
277, 0.2682179004567016, 0.02889939430509858
278, 0.2682179004567016, 0.02889939430509858
279, 0.2682179004567016, 0.02889939430509858
280, 0.2682179004567016, 0.02889939430509858
281, 0.2682128108709001, 0.02889526514736729
282, 0.2682128108709001, 0.02889526514736729
283, 0.2682128108709001, 0.02889526514736729
284, 0.2682128108709001, 0.02889526514736729
285, 0.26818736355464234, 0.02887461985583273
286, 0.26816191725959015, 0.02885397539279766
287, 0.26816191725959015, 0.02885397539279766
288, 0.268131383053432, 0.02882920313070425
289, 0.268131383053432, 0.02882920313070425
290, 0.268131383053432, 0.02882920313070425
291, 0.268131383053432, 0.02882920313070425
292, 0.268131383053432, 0.02882920313070425
293, 0.268131383053432, 0.02882920313070425
294, 0.268131383053432, 0.02882920313070425
295, 0.268131383053432, 0.02882920313070425
296, 0.268131383053432, 0.02882920313070425
297, 0.268131383053432, 0.02882920313070425
298, 0.268131383053432, 0.02882920313070425
299, 0.268131383053432, 0.02882920313070425
300, 0.268131383053432, 0.02882920313070425
301, 0.268131383053432, 0.02882920313070425
302, 0.268131383053432, 0.02882920313070425
303, 0.268131383053432, 0.02882920313070425
304, 0.268131383053432, 0.02882920313070425
305, 0.268131383053432, 0.02882920313070425
306, 0.268131383053432, 0.02882920313070425
307, 0.268131383053432, 0.02882920313070425
308, 0.268131383053432, 0.02882920313070425
309, 0.268131383053432, 0.02882920313070425
310, 0.268111027732856, 0.02881268895202571
311, 0.268111027732856, 0.02881268895202571
312, 0.268111027732856, 0.02881268895202571
313, 0.268111027732856, 0.02881268895202571
314, 0.268111027732856, 0.02881268895202571
315, 0.268111027732856, 0.02881268895202571
316, 0.268111027732856, 0.02881268895202571
317, 0.26808558450105124, 0.028792046974189134
318, 0.26808558450105124, 0.028792046974189134
319, 0.26808558450105124, 0.028792046974189134
320, 0.26808558450105124, 0.028792046974189134
321, 0.26808558450105124, 0.028792046974189134
322, 0.26808558450105124, 0.028792046974189134
323, 0.26808558450105124, 0.028792046974189134
324, 0.26808558450105124, 0.028792046974189134
325, 0.26808558450105124, 0.028792046974189134
326, 0.26808558450105124, 0.028792046974189134
327, 0.26808558450105124, 0.028792046974189134
328, 0.26808558450105124, 0.028792046974189134
329, 0.26808558450105124, 0.028792046974189134
330, 0.26808558450105124, 0.028792046974189134
331, 0.26808558450105124, 0.028792046974189134
332, 0.26808558450105124, 0.028792046974189134
333, 0.26808558450105124, 0.028792046974189134
334, 0.26808558450105124, 0.028792046974189134
335, 0.26808558450105124, 0.028792046974189134
336, 0.26808558450105124, 0.028792046974189134
337, 0.26808558450105124, 0.028792046974189134
338, 0.26808558450105124, 0.028792046974189134
339, 0.26808558450105124, 0.028792046974189134
340, 0.26808558450105124, 0.028792046974189134
341, 0.2680652306507014, 0.02877553398829824
342, 0.2680652306507014, 0.02877553398829824
343, 0.26800926093114885, 0.028730126010279466
344, 0.26800926093114885, 0.028730126010279466
345, 0.26800926093114885, 0.028730126010279466
346, 0.26800926093114885, 0.028730126010279466
347, 0.26800926093114885, 0.028730126010279466
348, 0.26800926093114885, 0.028730126010279466
349, 0.26800926093114885, 0.028730126010279466
350, 0.26800926093114885, 0.028730126010279466
351, 0.26800926093114885, 0.028730126010279466
352, 0.26800926093114885, 0.028730126010279466
353, 0.26800926093114885, 0.028730126010279466
354, 0.26800926093114885, 0.028730126010279466
355, 0.26800926093114885, 0.028730126010279466
356, 0.26800926093114885, 0.028730126010279466
357, 0.26800926093114885, 0.028730126010279466
358, 0.26800926093114885, 0.028730126010279466
359, 0.26800926093114885, 0.028730126010279466
360, 0.26800926093114885, 0.028730126010279466
361, 0.26800926093114885, 0.028730126010279466
362, 0.26800926093114885, 0.028730126010279466
363, 0.26800926093114885, 0.028730126010279466
364, 0.26800926093114885, 0.028730126010279466
365, 0.26800926093114885, 0.028730126010279466
366, 0.26800926093114885, 0.028730126010279466
367, 0.26800926093114885, 0.028730126010279466
368, 0.26800926093114885, 0.028730126010279466
369, 0.26800926093114885, 0.028730126010279466
370, 0.26800926093114885, 0.028730126010279466
371, 0.26800926093114885, 0.028730126010279466
372, 0.26796855878375947, 0.028697104543873087
373, 0.26796855878375947, 0.028697104543873087
374, 0.26796855878375947, 0.028697104543873087
375, 0.26796855878375947, 0.028697104543873087
376, 0.26796855878375947, 0.028697104543873087
377, 0.26796855878375947, 0.028697104543873087
378, 0.26796855878375947, 0.028697104543873087
379, 0.26796855878375947, 0.028697104543873087
380, 0.26796855878375947, 0.028697104543873087
381, 0.26796855878375947, 0.028697104543873087
382, 0.26796855878375947, 0.028697104543873087
383, 0.26796855878375947, 0.028697104543873087
384, 0.26796855878375947, 0.028697104543873087
385, 0.26796855878375947, 0.028697104543873087
386, 0.26796855878375947, 0.028697104543873087
387, 0.26796855878375947, 0.028697104543873087
388, 0.26796855878375947, 0.028697104543873087
389, 0.26796855878375947, 0.028697104543873087
390, 0.26796855878375947, 0.028697104543873087
391, 0.26795838365519264, 0.028688849508507586
392, 0.2678006900425258, 0.028560913400288213
393, 0.2678006900425258, 0.028560913400288213
394, 0.2678006900425258, 0.028560913400288213
395, 0.2678006900425258, 0.028560913400288213
396, 0.2678006900425258, 0.028560913400288213
397, 0.2678006900425258, 0.028560913400288213
398, 0.2678006900425258, 0.028560913400288213
399, 0.2678006900425258, 0.028560913400288213
400, 0.2677244007622104, 0.028499020255363883
401, 0.2677244007622104, 0.028499020255363883
402, 0.2677244007622104, 0.028499020255363883
403, 0.2677244007622104, 0.028499020255363883
404, 0.2677244007622104, 0.028499020255363883
405, 0.2677244007622104, 0.028499020255363883
406, 0.2677244007622104, 0.028499020255363883
407, 0.2677244007622104, 0.028499020255363883
408, 0.2677244007622104, 0.028499020255363883
409, 0.2677193151366357, 0.028494894310546748
410, 0.2677193151366357, 0.028494894310546748
411, 0.2677193151366357, 0.028494894310546748
412, 0.2677193151366357, 0.028494894310546748
413, 0.2677193151366357, 0.028494894310546748
414, 0.2677193151366357, 0.028494894310546748
415, 0.26770405850472767, 0.028482516674713132
416, 0.26770405850472767, 0.028482516674713132
417, 0.26770405850472767, 0.028482516674713132
418, 0.26770405850472767, 0.028482516674713132
419, 0.26770405850472767, 0.028482516674713132
420, 0.26770405850472767, 0.028482516674713132
421, 0.26770405850472767, 0.028482516674713132
422, 0.26770405850472767, 0.028482516674713132
423, 0.26770405850472767, 0.028482516674713132
424, 0.26770405850472767, 0.028482516674713132
425, 0.2676837169000694, 0.02846601362369605
426, 0.2676837169000694, 0.02846601362369605
427, 0.2676837169000694, 0.02846601362369605
428, 0.2676837169000694, 0.02846601362369605
429, 0.2676837169000694, 0.02846601362369605
430, 0.26764303564910086, 0.02843300911046054
431, 0.26764303564910086, 0.02843300911046054
432, 0.26764303564910086, 0.02843300911046054
433, 0.26764303564910086, 0.02843300911046054
434, 0.26757184974228365, 0.028375256309162822
435, 0.26757184974228365, 0.028375256309162822
436, 0.26757184974228365, 0.028375256309162822
437, 0.26757184974228365, 0.028375256309162822
438, 0.26757184974228365, 0.028375256309162822
439, 0.26757184974228365, 0.028375256309162822
440, 0.26757184974228365, 0.028375256309162822
441, 0.26757184974228365, 0.028375256309162822
442, 0.26757184974228365, 0.028375256309162822
443, 0.267551512380219, 0.02835875670014243
444, 0.26751083961382505, 0.028325759070403578
445, 0.26751083961382505, 0.028325759070403578
446, 0.26751083961382505, 0.028325759070403578
447, 0.26751083961382505, 0.028325759070403578
448, 0.26751083961382505, 0.028325759070403578
449, 0.26751083961382505, 0.028325759070403578
450, 0.26751083961382505, 0.028325759070403578
451, 0.26751083961382505, 0.028325759070403578
452, 0.26751083961382505, 0.028325759070403578
453, 0.26751083961382505, 0.028325759070403578
454, 0.26751083961382505, 0.028325759070403578
455, 0.26751083961382505, 0.028325759070403578
456, 0.26751083961382505, 0.028325759070403578
457, 0.26751083961382505, 0.028325759070403578
458, 0.26751083961382505, 0.028325759070403578
459, 0.26751083961382505, 0.028325759070403578
460, 0.26751083961382505, 0.028325759070403578
461, 0.26751083961382505, 0.028325759070403578
462, 0.26751083961382505, 0.028325759070403578
463, 0.26751083961382505, 0.028325759070403578
464, 0.26751083961382505, 0.028325759070403578
465, 0.26751083961382505, 0.028325759070403578
466, 0.26751083961382505, 0.028325759070403578
467, 0.26751083961382505, 0.028325759070403578
468, 0.26751083961382505, 0.028325759070403578
469, 0.26751083961382505, 0.028325759070403578
470, 0.26751083961382505, 0.028325759070403578
471, 0.26751083961382505, 0.028325759070403578
472, 0.26745491882179295, 0.028280390787059018
473, 0.26745491882179295, 0.028280390787059018
474, 0.26745491882179295, 0.028280390787059018
475, 0.26745491882179295, 0.028280390787059018
476, 0.26745491882179295, 0.028280390787059018
477, 0.26745491882179295, 0.028280390787059018
478, 0.26745491882179295, 0.028280390787059018
479, 0.26745491882179295, 0.028280390787059018
480, 0.26745491882179295, 0.028280390787059018
481, 0.26745491882179295, 0.028280390787059018
482, 0.26745491882179295, 0.028280390787059018
483, 0.26745491882179295, 0.028280390787059018
484, 0.26745491882179295, 0.028280390787059018
485, 0.26744475193518635, 0.028272142438358072
486, 0.26744475193518635, 0.028272142438358072
487, 0.2674295019110988, 0.028259770163419295
488, 0.2674295019110988, 0.028259770163419295
489, 0.2674295019110988, 0.028259770163419295
490, 0.2674295019110988, 0.028259770163419295
491, 0.2674295019110988, 0.028259770163419295
492, 0.2674295019110988, 0.028259770163419295
493, 0.2674295019110988, 0.028259770163419295
494, 0.2674295019110988, 0.028259770163419295
495, 0.2674295019110988, 0.028259770163419295
496, 0.2674295019110988, 0.028259770163419295
497, 0.2674295019110988, 0.028259770163419295
498, 0.2674295019110988, 0.028259770163419295
499, 0.2674295019110988, 0.028259770163419295
500, 0.2674295019110988, 0.028259770163419295
501, 0.2674295019110988, 0.028259770163419295
502, 0.2674295019110988, 0.028259770163419295
503, 0.2674295019110988, 0.028259770163419295
504, 0.2674295019110988, 0.028259770163419295
505, 0.2674295019110988, 0.028259770163419295
506, 0.2674295019110988, 0.028259770163419295
507, 0.2674295019110988, 0.028259770163419295
508, 0.2674295019110988, 0.028259770163419295
509, 0.2674244186512871, 0.028255646137934853
510, 0.2674244186512871, 0.028255646137934853
511, 0.2674244186512871, 0.028255646137934853
512, 0.2674244186512871, 0.028255646137934853
513, 0.2674244186512871, 0.028255646137934853
514, 0.2674244186512871, 0.028255646137934853
515, 0.2674244186512871, 0.028255646137934853
516, 0.2674244186512871, 0.028255646137934853
517, 0.2674244186512871, 0.028255646137934853
518, 0.2674244186512871, 0.028255646137934853
519, 0.2674244186512871, 0.028255646137934853
520, 0.2674244186512871, 0.028255646137934853
521, 0.2674244186512871, 0.028255646137934853
522, 0.2674244186512871, 0.028255646137934853
523, 0.2674244186512871, 0.028255646137934853
524, 0.2674244186512871, 0.028255646137934853
525, 0.2674244186512871, 0.028255646137934853
526, 0.2674244186512871, 0.028255646137934853
527, 0.2674244186512871, 0.028255646137934853
528, 0.2674244186512871, 0.028255646137934853
529, 0.2674244186512871, 0.028255646137934853
530, 0.2674244186512871, 0.028255646137934853
531, 0.2674244186512871, 0.028255646137934853
532, 0.2674244186512871, 0.028255646137934853
533, 0.2674244186512871, 0.028255646137934853
534, 0.2674244186512871, 0.028255646137934853
535, 0.26739900296383645, 0.02823502650670706
536, 0.26739900296383645, 0.02823502650670706
537, 0.2673278444614662, 0.02817729593851226
538, 0.2673278444614662, 0.02817729593851226
539, 0.2673278444614662, 0.02817729593851226
540, 0.2673278444614662, 0.02817729593851226
541, 0.2673278444614662, 0.02817729593851226
542, 0.2673278444614662, 0.02817729593851226
543, 0.2673278444614662, 0.02817729593851226
544, 0.2673278444614662, 0.02817729593851226
545, 0.2673278444614662, 0.02817729593851226
546, 0.2673278444614662, 0.02817729593851226
547, 0.2673278444614662, 0.02817729593851226
548, 0.2673278444614662, 0.02817729593851226
549, 0.2673278444614662, 0.02817729593851226
550, 0.2673278444614662, 0.02817729593851226
551, 0.2673278444614662, 0.02817729593851226
552, 0.2673278444614662, 0.02817729593851226
553, 0.2673278444614662, 0.02817729593851226
554, 0.2673278444614662, 0.02817729593851226
555, 0.2673278444614662, 0.02817729593851226
556, 0.2673278444614662, 0.02817729593851226
557, 0.2673278444614662, 0.02817729593851226
558, 0.2673278444614662, 0.02817729593851226
559, 0.2673278444614662, 0.02817729593851226
560, 0.2673278444614662, 0.02817729593851226
561, 0.2673278444614662, 0.02817729593851226
562, 0.2673278444614662, 0.02817729593851226
563, 0.2673278444614662, 0.02817729593851226
564, 0.2673278444614662, 0.02817729593851226
565, 0.2673278444614662, 0.02817729593851226
566, 0.2673278444614662, 0.02817729593851226
567, 0.2673278444614662, 0.02817729593851226
568, 0.26731259725051726, 0.028164925945859842
569, 0.26731259725051726, 0.028164925945859842
570, 0.26731259725051726, 0.028164925945859842
571, 0.26731259725051726, 0.028164925945859842
572, 0.26731259725051726, 0.028164925945859842
573, 0.2673024326470377, 0.02815667944944944
574, 0.2673024326470377, 0.02815667944944944
575, 0.2673024326470377, 0.02815667944944944
576, 0.2671753888597057, 0.028053609404633972
577, 0.2671753888597057, 0.028053609404633972
578, 0.2671753888597057, 0.028053609404633972
579, 0.2671753888597057, 0.028053609404633972
580, 0.2671753888597057, 0.028053609404633972
581, 0.2671753888597057, 0.028053609404633972
582, 0.2671753888597057, 0.028053609404633972
583, 0.2671449021408321, 0.02802887566875789
584, 0.2671449021408321, 0.02802887566875789
585, 0.2671449021408321, 0.02802887566875789
586, 0.2671449021408321, 0.02802887566875789
587, 0.2671449021408321, 0.02802887566875789
588, 0.2671449021408321, 0.02802887566875789
589, 0.2671449021408321, 0.02802887566875789
590, 0.2671449021408321, 0.02802887566875789
591, 0.2671449021408321, 0.02802887566875789
592, 0.2671449021408321, 0.02802887566875789
593, 0.2671449021408321, 0.02802887566875789
594, 0.2671449021408321, 0.02802887566875789
595, 0.2671449021408321, 0.02802887566875789
596, 0.2671449021408321, 0.02802887566875789
597, 0.2671449021408321, 0.02802887566875789
598, 0.2671449021408321, 0.02802887566875789
599, 0.2671449021408321, 0.02802887566875789
600, 0.2671449021408321, 0.02802887566875789
601, 0.2671449021408321, 0.02802887566875789
602, 0.2671449021408321, 0.02802887566875789
603, 0.2671449021408321, 0.02802887566875789
604, 0.2671449021408321, 0.02802887566875789
605, 0.2671449021408321, 0.02802887566875789
606, 0.2671449021408321, 0.02802887566875789
607, 0.2671449021408321, 0.02802887566875789
608, 0.2671449021408321, 0.02802887566875789
609, 0.2671449021408321, 0.02802887566875789
610, 0.26712457847654103, 0.02801238717267851
611, 0.26712457847654103, 0.02801238717267851
612, 0.26712457847654103, 0.02801238717267851
613, 0.26712457847654103, 0.02801238717267851
614, 0.26712457847654103, 0.02801238717267851
615, 0.26712457847654103, 0.02801238717267851
616, 0.26712457847654103, 0.02801238717267851
617, 0.26712457847654103, 0.02801238717267851
618, 0.26712457847654103, 0.02801238717267851
619, 0.26712457847654103, 0.02801238717267851
620, 0.26712457847654103, 0.02801238717267851
621, 0.26712457847654103, 0.02801238717267851
622, 0.26712457847654103, 0.02801238717267851
623, 0.26712457847654103, 0.02801238717267851
624, 0.26712457847654103, 0.02801238717267851
625, 0.26712457847654103, 0.02801238717267851
626, 0.26712457847654103, 0.02801238717267851
627, 0.26712457847654103, 0.02801238717267851
628, 0.26712457847654103, 0.02801238717267851
629, 0.26712457847654103, 0.02801238717267851
630, 0.26712457847654103, 0.02801238717267851
631, 0.26712457847654103, 0.02801238717267851
632, 0.26712457847654103, 0.02801238717267851
633, 0.26712457847654103, 0.02801238717267851
634, 0.26712457847654103, 0.02801238717267851
635, 0.26712457847654103, 0.02801238717267851
636, 0.26712457847654103, 0.02801238717267851
637, 0.26712457847654103, 0.02801238717267851
638, 0.26712457847654103, 0.02801238717267851
639, 0.26712457847654103, 0.02801238717267851
640, 0.26712457847654103, 0.02801238717267851
641, 0.26712457847654103, 0.02801238717267851
642, 0.26712457847654103, 0.02801238717267851
643, 0.26712457847654103, 0.02801238717267851
644, 0.26712457847654103, 0.02801238717267851
645, 0.26712457847654103, 0.02801238717267851
646, 0.26712457847654103, 0.02801238717267851
647, 0.26712457847654103, 0.02801238717267851
648, 0.26712457847654103, 0.02801238717267851
649, 0.26712457847654103, 0.02801238717267851
650, 0.26712457847654103, 0.02801238717267851
651, 0.26712457847654103, 0.02801238717267851
652, 0.26712457847654103, 0.02801238717267851
653, 0.26712457847654103, 0.02801238717267851
654, 0.26712457847654103, 0.02801238717267851
655, 0.26712457847654103, 0.02801238717267851
656, 0.26712457847654103, 0.02801238717267851
657, 0.26712457847654103, 0.02801238717267851
658, 0.26712457847654103, 0.02801238717267851
659, 0.26712457847654103, 0.02801238717267851
660, 0.26712457847654103, 0.02801238717267851
661, 0.26712457847654103, 0.02801238717267851
662, 0.26712457847654103, 0.02801238717267851
663, 0.26712457847654103, 0.02801238717267851
664, 0.26712457847654103, 0.02801238717267851
665, 0.26712457847654103, 0.02801238717267851
666, 0.26712457847654103, 0.02801238717267851
667, 0.26712457847654103, 0.02801238717267851
668, 0.26712457847654103, 0.02801238717267851
669, 0.26712457847654103, 0.02801238717267851
670, 0.26712457847654103, 0.02801238717267851
671, 0.26712457847654103, 0.02801238717267851
672, 0.26712457847654103, 0.02801238717267851
673, 0.26712457847654103, 0.02801238717267851
674, 0.26712457847654103, 0.02801238717267851
675, 0.26712457847654103, 0.02801238717267851
676, 0.26712457847654103, 0.02801238717267851
677, 0.26712457847654103, 0.02801238717267851
678, 0.26712457847654103, 0.02801238717267851
679, 0.26712457847654103, 0.02801238717267851
680, 0.26712457847654103, 0.02801238717267851
681, 0.26712457847654103, 0.02801238717267851
682, 0.26712457847654103, 0.02801238717267851
683, 0.26712457847654103, 0.02801238717267851
684, 0.26712457847654103, 0.02801238717267851
685, 0.26712457847654103, 0.02801238717267851
686, 0.26712457847654103, 0.02801238717267851
687, 0.26712457847654103, 0.02801238717267851
688, 0.26712457847654103, 0.02801238717267851
689, 0.26712457847654103, 0.02801238717267851
690, 0.26712457847654103, 0.02801238717267851
691, 0.26712457847654103, 0.02801238717267851
692, 0.26712457847654103, 0.02801238717267851
693, 0.26712457847654103, 0.02801238717267851
694, 0.26712457847654103, 0.02801238717267851
695, 0.26712457847654103, 0.02801238717267851
696, 0.26712457847654103, 0.02801238717267851
697, 0.26712457847654103, 0.02801238717267851
698, 0.26712457847654103, 0.02801238717267851
699, 0.26712457847654103, 0.02801238717267851
700, 0.26712457847654103, 0.02801238717267851
701, 0.26712457847654103, 0.02801238717267851
702, 0.26712457847654103, 0.02801238717267851
703, 0.26712457847654103, 0.02801238717267851
704, 0.26712457847654103, 0.02801238717267851
705, 0.26712457847654103, 0.02801238717267851
706, 0.26712457847654103, 0.02801238717267851
707, 0.26712457847654103, 0.02801238717267851
708, 0.26712457847654103, 0.02801238717267851
709, 0.26712457847654103, 0.02801238717267851
710, 0.26712457847654103, 0.02801238717267851
711, 0.26712457847654103, 0.02801238717267851
712, 0.26712457847654103, 0.02801238717267851
713, 0.26712457847654103, 0.02801238717267851
714, 0.26712457847654103, 0.02801238717267851
715, 0.26712457847654103, 0.02801238717267851
716, 0.26712457847654103, 0.02801238717267851
717, 0.26712457847654103, 0.02801238717267851
718, 0.26712457847654103, 0.02801238717267851
719, 0.26712457847654103, 0.02801238717267851
720, 0.26712457847654103, 0.02801238717267851
721, 0.26712457847654103, 0.02801238717267851
722, 0.26712457847654103, 0.02801238717267851
723, 0.2670890136327184, 0.02798353357720873
724, 0.2670890136327184, 0.02798353357720873
725, 0.2670890136327184, 0.02798353357720873
726, 0.2670890136327184, 0.02798353357720873
727, 0.2670890136327184, 0.02798353357720873
728, 0.2670890136327184, 0.02798353357720873
729, 0.2670890136327184, 0.02798353357720873
730, 0.2670890136327184, 0.02798353357720873
731, 0.2670890136327184, 0.02798353357720873
732, 0.2670890136327184, 0.02798353357720873
733, 0.2670890136327184, 0.02798353357720873
734, 0.2670890136327184, 0.02798353357720873
735, 0.2670890136327184, 0.02798353357720873
736, 0.2670890136327184, 0.02798353357720873
737, 0.2670890136327184, 0.02798353357720873
738, 0.2670890136327184, 0.02798353357720873
739, 0.2670890136327184, 0.02798353357720873
740, 0.2670890136327184, 0.02798353357720873
741, 0.2670890136327184, 0.02798353357720873
742, 0.2670890136327184, 0.02798353357720873
743, 0.2670890136327184, 0.02798353357720873
744, 0.2670890136327184, 0.02798353357720873
745, 0.2670890136327184, 0.02798353357720873
746, 0.2670890136327184, 0.02798353357720873
747, 0.2670890136327184, 0.02798353357720873
748, 0.2670890136327184, 0.02798353357720873
749, 0.2670890136327184, 0.02798353357720873
750, 0.2670890136327184, 0.02798353357720873
751, 0.2670890136327184, 0.02798353357720873
752, 0.2670890136327184, 0.02798353357720873
753, 0.2670890136327184, 0.02798353357720873
754, 0.2670890136327184, 0.02798353357720873
755, 0.2670890136327184, 0.02798353357720873
756, 0.2670890136327184, 0.02798353357720873
757, 0.2670890136327184, 0.02798353357720873
758, 0.2670890136327184, 0.02798353357720873
759, 0.2670890136327184, 0.02798353357720873
760, 0.2670890136327184, 0.02798353357720873
761, 0.2670890136327184, 0.02798353357720873
762, 0.2670890136327184, 0.02798353357720873
763, 0.2670890136327184, 0.02798353357720873
764, 0.2670890136327184, 0.02798353357720873
765, 0.2670890136327184, 0.02798353357720873
766, 0.2670890136327184, 0.02798353357720873
767, 0.2670890136327184, 0.02798353357720873
768, 0.2670890136327184, 0.02798353357720873
769, 0.2670890136327184, 0.02798353357720873
770, 0.2670890136327184, 0.02798353357720873
771, 0.2670890136327184, 0.02798353357720873
772, 0.2670890136327184, 0.02798353357720873
773, 0.2670890136327184, 0.02798353357720873
774, 0.2670890136327184, 0.02798353357720873
775, 0.2670890136327184, 0.02798353357720873
776, 0.2670890136327184, 0.02798353357720873
777, 0.2670890136327184, 0.02798353357720873
778, 0.2670890136327184, 0.02798353357720873
779, 0.2670890136327184, 0.02798353357720873
780, 0.2670890136327184, 0.02798353357720873
781, 0.2670890136327184, 0.02798353357720873
782, 0.2670890136327184, 0.02798353357720873
783, 0.2670890136327184, 0.02798353357720873
784, 0.2670890136327184, 0.02798353357720873
785, 0.2670890136327184, 0.02798353357720873
786, 0.2670890136327184, 0.02798353357720873
787, 0.2670890136327184, 0.02798353357720873
788, 0.2670890136327184, 0.02798353357720873
789, 0.2670890136327184, 0.02798353357720873
790, 0.2670890136327184, 0.02798353357720873
791, 0.2670890136327184, 0.02798353357720873
792, 0.2670890136327184, 0.02798353357720873
793, 0.2670890136327184, 0.02798353357720873
794, 0.2670890136327184, 0.02798353357720873
795, 0.2670890136327184, 0.02798353357720873
796, 0.2670890136327184, 0.02798353357720873
797, 0.2670890136327184, 0.02798353357720873
798, 0.2670890136327184, 0.02798353357720873
799, 0.2670890136327184, 0.02798353357720873
800, 0.2670890136327184, 0.02798353357720873
801, 0.2670890136327184, 0.02798353357720873
802, 0.2670890136327184, 0.02798353357720873
803, 0.2670890136327184, 0.02798353357720873
804, 0.2670890136327184, 0.02798353357720873
805, 0.2670890136327184, 0.02798353357720873
806, 0.2670890136327184, 0.02798353357720873
807, 0.2670890136327184, 0.02798353357720873
808, 0.2670890136327184, 0.02798353357720873
809, 0.2670890136327184, 0.02798353357720873
810, 0.2670890136327184, 0.02798353357720873
811, 0.2670890136327184, 0.02798353357720873
812, 0.2670890136327184, 0.02798353357720873
813, 0.2670890136327184, 0.02798353357720873
814, 0.2670890136327184, 0.02798353357720873
815, 0.2670890136327184, 0.02798353357720873
816, 0.2670890136327184, 0.02798353357720873
817, 0.2670890136327184, 0.02798353357720873
818, 0.2670890136327184, 0.02798353357720873
819, 0.2670890136327184, 0.02798353357720873
820, 0.2670890136327184, 0.02798353357720873
821, 0.2670890136327184, 0.02798353357720873
822, 0.2670890136327184, 0.02798353357720873
823, 0.2670890136327184, 0.02798353357720873
824, 0.2670890136327184, 0.02798353357720873
825, 0.2670890136327184, 0.02798353357720873
826, 0.2670890136327184, 0.02798353357720873
827, 0.2670890136327184, 0.02798353357720873
828, 0.2670890136327184, 0.02798353357720873
829, 0.2670890136327184, 0.02798353357720873
830, 0.2670890136327184, 0.02798353357720873
831, 0.2670890136327184, 0.02798353357720873
832, 0.2670890136327184, 0.02798353357720873
833, 0.2670890136327184, 0.02798353357720873
834, 0.2670890136327184, 0.02798353357720873
835, 0.2670890136327184, 0.02798353357720873
836, 0.2670890136327184, 0.02798353357720873
837, 0.2670890136327184, 0.02798353357720873
838, 0.2670890136327184, 0.02798353357720873
839, 0.2670890136327184, 0.02798353357720873
840, 0.2670890136327184, 0.02798353357720873
841, 0.2670890136327184, 0.02798353357720873
842, 0.2670890136327184, 0.02798353357720873
843, 0.2670890136327184, 0.02798353357720873
844, 0.2670890136327184, 0.02798353357720873
845, 0.2670890136327184, 0.02798353357720873
846, 0.2670890136327184, 0.02798353357720873
847, 0.2670890136327184, 0.02798353357720873
848, 0.2670890136327184, 0.02798353357720873
849, 0.2670890136327184, 0.02798353357720873
850, 0.2670890136327184, 0.02798353357720873
851, 0.2670890136327184, 0.02798353357720873
852, 0.2670890136327184, 0.02798353357720873
853, 0.2670890136327184, 0.02798353357720873
854, 0.2670890136327184, 0.02798353357720873
855, 0.2670890136327184, 0.02798353357720873
856, 0.2670890136327184, 0.02798353357720873
857, 0.2670890136327184, 0.02798353357720873
858, 0.2670890136327184, 0.02798353357720873
859, 0.2670890136327184, 0.02798353357720873
860, 0.2670890136327184, 0.02798353357720873
861, 0.2670890136327184, 0.02798353357720873
862, 0.2670890136327184, 0.02798353357720873
863, 0.2670890136327184, 0.02798353357720873
864, 0.2670890136327184, 0.02798353357720873
865, 0.2670890136327184, 0.02798353357720873
866, 0.2670890136327184, 0.02798353357720873
867, 0.2670890136327184, 0.02798353357720873
868, 0.2670890136327184, 0.02798353357720873
869, 0.2670890136327184, 0.02798353357720873
870, 0.2670890136327184, 0.02798353357720873
871, 0.2670890136327184, 0.02798353357720873
872, 0.2670890136327184, 0.02798353357720873
873, 0.2670890136327184, 0.02798353357720873
874, 0.2670890136327184, 0.02798353357720873
875, 0.2670890136327184, 0.02798353357720873
876, 0.2670890136327184, 0.02798353357720873
877, 0.2670890136327184, 0.02798353357720873
878, 0.2670890136327184, 0.02798353357720873
879, 0.2670890136327184, 0.02798353357720873
880, 0.2670890136327184, 0.02798353357720873
881, 0.2670890136327184, 0.02798353357720873
882, 0.2670890136327184, 0.02798353357720873
883, 0.2670890136327184, 0.02798353357720873
884, 0.2670890136327184, 0.02798353357720873
885, 0.2670890136327184, 0.02798353357720873
886, 0.2670890136327184, 0.02798353357720873
887, 0.2670890136327184, 0.02798353357720873
888, 0.2670890136327184, 0.02798353357720873
889, 0.2670890136327184, 0.02798353357720873
890, 0.2670890136327184, 0.02798353357720873
891, 0.2670890136327184, 0.02798353357720873
892, 0.2670890136327184, 0.02798353357720873
893, 0.2670890136327184, 0.02798353357720873
894, 0.2670890136327184, 0.02798353357720873
895, 0.2670890136327184, 0.02798353357720873
896, 0.2670890136327184, 0.02798353357720873
897, 0.2670890136327184, 0.02798353357720873
898, 0.2670890136327184, 0.02798353357720873
899, 0.2670890136327184, 0.02798353357720873
900, 0.2670890136327184, 0.02798353357720873
901, 0.2670890136327184, 0.02798353357720873
902, 0.2670890136327184, 0.02798353357720873
903, 0.2670890136327184, 0.02798353357720873
904, 0.2670890136327184, 0.02798353357720873
905, 0.2670890136327184, 0.02798353357720873
906, 0.2670890136327184, 0.02798353357720873
907, 0.2670890136327184, 0.02798353357720873
908, 0.2670890136327184, 0.02798353357720873
909, 0.2670890136327184, 0.02798353357720873
910, 0.2670890136327184, 0.02798353357720873
911, 0.2670890136327184, 0.02798353357720873
912, 0.2670890136327184, 0.02798353357720873
913, 0.2670890136327184, 0.02798353357720873
914, 0.2670890136327184, 0.02798353357720873
915, 0.2670890136327184, 0.02798353357720873
916, 0.2670890136327184, 0.02798353357720873
917, 0.2670890136327184, 0.02798353357720873
918, 0.2670890136327184, 0.02798353357720873
919, 0.2670890136327184, 0.02798353357720873
920, 0.2670890136327184, 0.02798353357720873
921, 0.2670890136327184, 0.02798353357720873
922, 0.2670890136327184, 0.02798353357720873
923, 0.2670890136327184, 0.02798353357720873
924, 0.2670890136327184, 0.02798353357720873
925, 0.2670890136327184, 0.02798353357720873
926, 0.2670890136327184, 0.02798353357720873
927, 0.2670890136327184, 0.02798353357720873
928, 0.2670890136327184, 0.02798353357720873
929, 0.2670890136327184, 0.02798353357720873
930, 0.2670890136327184, 0.02798353357720873
931, 0.2670890136327184, 0.02798353357720873
932, 0.2670890136327184, 0.02798353357720873
933, 0.2670890136327184, 0.02798353357720873
934, 0.2670890136327184, 0.02798353357720873
935, 0.2670890136327184, 0.02798353357720873
936, 0.2670890136327184, 0.02798353357720873
937, 0.2670890136327184, 0.02798353357720873
938, 0.2670890136327184, 0.02798353357720873
939, 0.2670890136327184, 0.02798353357720873
940, 0.2670890136327184, 0.02798353357720873
941, 0.2670890136327184, 0.02798353357720873
942, 0.2670890136327184, 0.02798353357720873
943, 0.2670890136327184, 0.02798353357720873
944, 0.2670890136327184, 0.02798353357720873
945, 0.2670585310698219, 0.027958803213057548
946, 0.2670585310698219, 0.027958803213057548
947, 0.2670585310698219, 0.027958803213057548
948, 0.2670585310698219, 0.027958803213057548
949, 0.2670585310698219, 0.027958803213057548
950, 0.2670585310698219, 0.027958803213057548
951, 0.2670585310698219, 0.027958803213057548
952, 0.2670585310698219, 0.027958803213057548
953, 0.2670585310698219, 0.027958803213057548
954, 0.2670585310698219, 0.027958803213057548
955, 0.2670585310698219, 0.027958803213057548
956, 0.2670585310698219, 0.027958803213057548
957, 0.2670585310698219, 0.027958803213057548
958, 0.2670585310698219, 0.027958803213057548
959, 0.2670585310698219, 0.027958803213057548
960, 0.2670585310698219, 0.027958803213057548
961, 0.2670585310698219, 0.027958803213057548
962, 0.2670585310698219, 0.027958803213057548
963, 0.2670585310698219, 0.027958803213057548
964, 0.2670585310698219, 0.027958803213057548
965, 0.2670585310698219, 0.027958803213057548
966, 0.2670585310698219, 0.027958803213057548
967, 0.2670585310698219, 0.027958803213057548
968, 0.2670585310698219, 0.027958803213057548
969, 0.2670585310698219, 0.027958803213057548
970, 0.2670585310698219, 0.027958803213057548
971, 0.2670585310698219, 0.027958803213057548
972, 0.2670585310698219, 0.027958803213057548
973, 0.2670585310698219, 0.027958803213057548
974, 0.2670585310698219, 0.027958803213057548
975, 0.2670585310698219, 0.027958803213057548
976, 0.2670585310698219, 0.027958803213057548
977, 0.2670585310698219, 0.027958803213057548
978, 0.2670585310698219, 0.027958803213057548
979, 0.2670585310698219, 0.027958803213057548
980, 0.2670585310698219, 0.027958803213057548
981, 0.2670585310698219, 0.027958803213057548
982, 0.2670585310698219, 0.027958803213057548
983, 0.2670585310698219, 0.027958803213057548
984, 0.2670585310698219, 0.027958803213057548
985, 0.2670585310698219, 0.027958803213057548
986, 0.2670585310698219, 0.027958803213057548
987, 0.2670585310698219, 0.027958803213057548
988, 0.2670585310698219, 0.027958803213057548
989, 0.2670585310698219, 0.027958803213057548
990, 0.2670585310698219, 0.027958803213057548
991, 0.2670585310698219, 0.027958803213057548
992, 0.2670585310698219, 0.027958803213057548
993, 0.2670585310698219, 0.027958803213057548
994, 0.2670585310698219, 0.027958803213057548
995, 0.2670585310698219, 0.027958803213057548
996, 0.2670585310698219, 0.027958803213057548
997, 0.2670585310698219, 0.027958803213057548
998, 0.2670585310698219, 0.027958803213057548
999, 0.2670585310698219, 0.027958803213057548
1000, 0.2670585310698219, 0.027958803213057548
1001, 0.2670585310698219, 0.027958803213057548
1002, 0.2670585310698219, 0.027958803213057548
1003, 0.2670585310698219, 0.027958803213057548
1004, 0.2670585310698219, 0.027958803213057548
1005, 0.2670585310698219, 0.027958803213057548
1006, 0.2670585310698219, 0.027958803213057548
1007, 0.2670585310698219, 0.027958803213057548
1008, 0.2670585310698219, 0.027958803213057548
1009, 0.2670585310698219, 0.027958803213057548
1010, 0.2670585310698219, 0.027958803213057548
1011, 0.2670585310698219, 0.027958803213057548
1012, 0.2670585310698219, 0.027958803213057548
1013, 0.2670585310698219, 0.027958803213057548
1014, 0.2670585310698219, 0.027958803213057548
1015, 0.2670585310698219, 0.027958803213057548
1016, 0.2670585310698219, 0.027958803213057548
1017, 0.2670585310698219, 0.027958803213057548
1018, 0.2670585310698219, 0.027958803213057548
1019, 0.2670585310698219, 0.027958803213057548
1020, 0.2670585310698219, 0.027958803213057548
1021, 0.2670585310698219, 0.027958803213057548
1022, 0.2670585310698219, 0.027958803213057548
1023, 0.2670585310698219, 0.027958803213057548
1024, 0.2670585310698219, 0.027958803213057548
1025, 0.2670585310698219, 0.027958803213057548
1026, 0.2670585310698219, 0.027958803213057548
1027, 0.2670585310698219, 0.027958803213057548
1028, 0.2670585310698219, 0.027958803213057548
1029, 0.2670585310698219, 0.027958803213057548
1030, 0.2670585310698219, 0.027958803213057548
1031, 0.2670585310698219, 0.027958803213057548
1032, 0.2670585310698219, 0.027958803213057548
1033, 0.2670585310698219, 0.027958803213057548
1034, 0.2670585310698219, 0.027958803213057548
1035, 0.2670585310698219, 0.027958803213057548
1036, 0.2670585310698219, 0.027958803213057548
1037, 0.2670585310698219, 0.027958803213057548
1038, 0.2670585310698219, 0.027958803213057548
1039, 0.2670585310698219, 0.027958803213057548
1040, 0.2670585310698219, 0.027958803213057548
1041, 0.2670585310698219, 0.027958803213057548
1042, 0.2670585310698219, 0.027958803213057548
1043, 0.2670585310698219, 0.027958803213057548
1044, 0.2670585310698219, 0.027958803213057548
1045, 0.2670585310698219, 0.027958803213057548
1046, 0.2670585310698219, 0.027958803213057548
1047, 0.2670585310698219, 0.027958803213057548
1048, 0.2670585310698219, 0.027958803213057548
1049, 0.2670585310698219, 0.027958803213057548
1050, 0.2670585310698219, 0.027958803213057548
1051, 0.2670585310698219, 0.027958803213057548
1052, 0.2670585310698219, 0.027958803213057548
1053, 0.2670585310698219, 0.027958803213057548
1054, 0.2670585310698219, 0.027958803213057548
1055, 0.2670585310698219, 0.027958803213057548
1056, 0.2670585310698219, 0.027958803213057548
1057, 0.2670585310698219, 0.027958803213057548
1058, 0.2670585310698219, 0.027958803213057548
1059, 0.2670585310698219, 0.027958803213057548
1060, 0.2670585310698219, 0.027958803213057548
1061, 0.2670585310698219, 0.027958803213057548
1062, 0.2670585310698219, 0.027958803213057548
1063, 0.2670585310698219, 0.027958803213057548
1064, 0.2670585310698219, 0.027958803213057548
1065, 0.2670585310698219, 0.027958803213057548
1066, 0.2670585310698219, 0.027958803213057548
1067, 0.2670585310698219, 0.027958803213057548
1068, 0.2670585310698219, 0.027958803213057548
1069, 0.2670585310698219, 0.027958803213057548
1070, 0.2670585310698219, 0.027958803213057548
1071, 0.2670585310698219, 0.027958803213057548
1072, 0.2670585310698219, 0.027958803213057548
1073, 0.2670585310698219, 0.027958803213057548
1074, 0.2670585310698219, 0.027958803213057548
1075, 0.2670585310698219, 0.027958803213057548
1076, 0.2670585310698219, 0.027958803213057548
1077, 0.2670585310698219, 0.027958803213057548
1078, 0.2670585310698219, 0.027958803213057548
1079, 0.2670585310698219, 0.027958803213057548
1080, 0.2670585310698219, 0.027958803213057548
1081, 0.2670585310698219, 0.027958803213057548
1082, 0.2670585310698219, 0.027958803213057548
1083, 0.2670585310698219, 0.027958803213057548
1084, 0.2670585310698219, 0.027958803213057548
1085, 0.2670585310698219, 0.027958803213057548
1086, 0.2670585310698219, 0.027958803213057548
1087, 0.2670585310698219, 0.027958803213057548
1088, 0.2670585310698219, 0.027958803213057548
1089, 0.2670585310698219, 0.027958803213057548
1090, 0.2670585310698219, 0.027958803213057548
1091, 0.2670585310698219, 0.027958803213057548
1092, 0.2670585310698219, 0.027958803213057548
1093, 0.2670585310698219, 0.027958803213057548
1094, 0.2670585310698219, 0.027958803213057548
1095, 0.2670585310698219, 0.027958803213057548
1096, 0.2670585310698219, 0.027958803213057548
1097, 0.2670585310698219, 0.027958803213057548
1098, 0.2670585310698219, 0.027958803213057548
1099, 0.2670585310698219, 0.027958803213057548
1100, 0.2670585310698219, 0.027958803213057548
1101, 0.2670585310698219, 0.027958803213057548
1102, 0.2670585310698219, 0.027958803213057548
1103, 0.2670585310698219, 0.027958803213057548
1104, 0.2670585310698219, 0.027958803213057548
1105, 0.2670585310698219, 0.027958803213057548
1106, 0.2670585310698219, 0.027958803213057548
1107, 0.2670585310698219, 0.027958803213057548
1108, 0.2670585310698219, 0.027958803213057548
1109, 0.2670585310698219, 0.027958803213057548
1110, 0.2670585310698219, 0.027958803213057548
1111, 0.2670585310698219, 0.027958803213057548
1112, 0.2670585310698219, 0.027958803213057548
1113, 0.2670585310698219, 0.027958803213057548
1114, 0.2670585310698219, 0.027958803213057548
1115, 0.2670585310698219, 0.027958803213057548
1116, 0.2670585310698219, 0.027958803213057548
1117, 0.2670585310698219, 0.027958803213057548
1118, 0.2670585310698219, 0.027958803213057548
1119, 0.2670585310698219, 0.027958803213057548
1120, 0.2670585310698219, 0.027958803213057548
1121, 0.2670585310698219, 0.027958803213057548
1122, 0.2670585310698219, 0.027958803213057548
1123, 0.2670585310698219, 0.027958803213057548
1124, 0.2670585310698219, 0.027958803213057548
1125, 0.2670585310698219, 0.027958803213057548
1126, 0.2670585310698219, 0.027958803213057548
1127, 0.2670585310698219, 0.027958803213057548
1128, 0.2670585310698219, 0.027958803213057548
1129, 0.2670585310698219, 0.027958803213057548
1130, 0.2670585310698219, 0.027958803213057548
1131, 0.2670585310698219, 0.027958803213057548
1132, 0.2670585310698219, 0.027958803213057548
1133, 0.2670585310698219, 0.027958803213057548
1134, 0.2670585310698219, 0.027958803213057548
1135, 0.2670585310698219, 0.027958803213057548
1136, 0.2670585310698219, 0.027958803213057548
1137, 0.2670585310698219, 0.027958803213057548
1138, 0.2670585310698219, 0.027958803213057548
1139, 0.2670585310698219, 0.027958803213057548
1140, 0.2670585310698219, 0.027958803213057548
1141, 0.2670585310698219, 0.027958803213057548
1142, 0.2670585310698219, 0.027958803213057548
1143, 0.2670585310698219, 0.027958803213057548
1144, 0.2670585310698219, 0.027958803213057548
1145, 0.2670585310698219, 0.027958803213057548
1146, 0.2670585310698219, 0.027958803213057548
1147, 0.2670585310698219, 0.027958803213057548
1148, 0.2670585310698219, 0.027958803213057548
1149, 0.2670585310698219, 0.027958803213057548
1150, 0.2670585310698219, 0.027958803213057548
1151, 0.2670585310698219, 0.027958803213057548
1152, 0.2670585310698219, 0.027958803213057548
1153, 0.2670585310698219, 0.027958803213057548
1154, 0.2670585310698219, 0.027958803213057548
1155, 0.2670585310698219, 0.027958803213057548
1156, 0.2670585310698219, 0.027958803213057548
1157, 0.2670585310698219, 0.027958803213057548
1158, 0.2670585310698219, 0.027958803213057548
1159, 0.2670585310698219, 0.027958803213057548
1160, 0.2670585310698219, 0.027958803213057548
1161, 0.2670585310698219, 0.027958803213057548
1162, 0.2670585310698219, 0.027958803213057548
1163, 0.2670585310698219, 0.027958803213057548
1164, 0.2670585310698219, 0.027958803213057548
1165, 0.2670585310698219, 0.027958803213057548
1166, 0.2670585310698219, 0.027958803213057548
1167, 0.2670585310698219, 0.027958803213057548
1168, 0.2670585310698219, 0.027958803213057548
1169, 0.2670585310698219, 0.027958803213057548
1170, 0.2670585310698219, 0.027958803213057548
1171, 0.2670585310698219, 0.027958803213057548
1172, 0.2670585310698219, 0.027958803213057548
1173, 0.2670585310698219, 0.027958803213057548
1174, 0.2670585310698219, 0.027958803213057548
1175, 0.2670585310698219, 0.027958803213057548
1176, 0.2670585310698219, 0.027958803213057548
1177, 0.2670585310698219, 0.027958803213057548
1178, 0.2670585310698219, 0.027958803213057548
1179, 0.2670585310698219, 0.027958803213057548
1180, 0.2670585310698219, 0.027958803213057548
1181, 0.2670585310698219, 0.027958803213057548
1182, 0.2670585310698219, 0.027958803213057548
1183, 0.2670585310698219, 0.027958803213057548
1184, 0.2670585310698219, 0.027958803213057548
1185, 0.2670585310698219, 0.027958803213057548
1186, 0.2670585310698219, 0.027958803213057548
1187, 0.2670585310698219, 0.027958803213057548
1188, 0.2670585310698219, 0.027958803213057548
1189, 0.2670585310698219, 0.027958803213057548
1190, 0.2670585310698219, 0.027958803213057548
1191, 0.2670585310698219, 0.027958803213057548
1192, 0.2670280499735378, 0.02793407403876258
1193, 0.2670280499735378, 0.02793407403876258
1194, 0.2670280499735378, 0.02793407403876258
1195, 0.2670280499735378, 0.02793407403876258
1196, 0.2670280499735378, 0.02793407403876258
1197, 0.2670280499735378, 0.02793407403876258
1198, 0.2670280499735378, 0.02793407403876258
1199, 0.2670280499735378, 0.02793407403876258
1200, 0.2670280499735378, 0.02793407403876258
1201, 0.2670280499735378, 0.02793407403876258
1202, 0.2670280499735378, 0.02793407403876258
1203, 0.2670280499735378, 0.02793407403876258
1204, 0.2670280499735378, 0.02793407403876258
1205, 0.2670280499735378, 0.02793407403876258
1206, 0.2670280499735378, 0.02793407403876258
1207, 0.2670280499735378, 0.02793407403876258
1208, 0.2670280499735378, 0.02793407403876258
1209, 0.2670280499735378, 0.02793407403876258
1210, 0.2670280499735378, 0.02793407403876258
1211, 0.2670280499735378, 0.02793407403876258
1212, 0.2670280499735378, 0.02793407403876258
1213, 0.2670280499735378, 0.02793407403876258
1214, 0.2670280499735378, 0.02793407403876258
1215, 0.2670280499735378, 0.02793407403876258
1216, 0.2670280499735378, 0.02793407403876258
1217, 0.2670280499735378, 0.02793407403876258
1218, 0.2670280499735378, 0.02793407403876258
1219, 0.2670280499735378, 0.02793407403876258
1220, 0.2670280499735378, 0.02793407403876258
1221, 0.2670280499735378, 0.02793407403876258
1222, 0.2670280499735378, 0.02793407403876258
1223, 0.2670280499735378, 0.02793407403876258
1224, 0.2670280499735378, 0.02793407403876258
1225, 0.2670280499735378, 0.02793407403876258
1226, 0.2670280499735378, 0.02793407403876258
1227, 0.2670280499735378, 0.02793407403876258
1228, 0.2670280499735378, 0.02793407403876258
1229, 0.2670280499735378, 0.02793407403876258
1230, 0.2670280499735378, 0.02793407403876258
1231, 0.2670280499735378, 0.02793407403876258
1232, 0.2670280499735378, 0.02793407403876258
1233, 0.2670280499735378, 0.02793407403876258
1234, 0.2670280499735378, 0.02793407403876258
1235, 0.2670280499735378, 0.02793407403876258
1236, 0.2670280499735378, 0.02793407403876258
1237, 0.2670280499735378, 0.02793407403876258
1238, 0.2670280499735378, 0.02793407403876258
1239, 0.2670280499735378, 0.02793407403876258
1240, 0.2670280499735378, 0.02793407403876258
1241, 0.2670280499735378, 0.02793407403876258
1242, 0.2670280499735378, 0.02793407403876258
1243, 0.2670280499735378, 0.02793407403876258
1244, 0.2670280499735378, 0.02793407403876258
1245, 0.2670280499735378, 0.02793407403876258
1246, 0.2670280499735378, 0.02793407403876258
1247, 0.2670280499735378, 0.02793407403876258
1248, 0.2670280499735378, 0.02793407403876258
1249, 0.2670280499735378, 0.02793407403876258
1250, 0.2670280499735378, 0.02793407403876258
1251, 0.2670280499735378, 0.02793407403876258
1252, 0.2670280499735378, 0.02793407403876258
1253, 0.2670280499735378, 0.02793407403876258
1254, 0.2670280499735378, 0.02793407403876258
1255, 0.2670280499735378, 0.02793407403876258
1256, 0.2670280499735378, 0.02793407403876258
1257, 0.2670280499735378, 0.02793407403876258
1258, 0.2670280499735378, 0.02793407403876258
1259, 0.2670280499735378, 0.02793407403876258
1260, 0.2670280499735378, 0.02793407403876258
1261, 0.2670280499735378, 0.02793407403876258
1262, 0.2670280499735378, 0.02793407403876258
1263, 0.2670280499735378, 0.02793407403876258
1264, 0.2670280499735378, 0.02793407403876258
1265, 0.2670280499735378, 0.02793407403876258
1266, 0.2670280499735378, 0.02793407403876258
1267, 0.2670280499735378, 0.02793407403876258
1268, 0.2670280499735378, 0.02793407403876258
1269, 0.2670280499735378, 0.02793407403876258
1270, 0.2670280499735378, 0.02793407403876258
1271, 0.2670280499735378, 0.02793407403876258
1272, 0.2670280499735378, 0.02793407403876258
1273, 0.2670280499735378, 0.02793407403876258
1274, 0.2670280499735378, 0.02793407403876258
1275, 0.2670280499735378, 0.02793407403876258
1276, 0.2670280499735378, 0.02793407403876258
1277, 0.2670280499735378, 0.02793407403876258
1278, 0.2670280499735378, 0.02793407403876258
1279, 0.2670280499735378, 0.02793407403876258
1280, 0.2670280499735378, 0.02793407403876258
1281, 0.2670280499735378, 0.02793407403876258
1282, 0.2670280499735378, 0.02793407403876258
1283, 0.2670280499735378, 0.02793407403876258
1284, 0.2670280499735378, 0.02793407403876258
1285, 0.2670280499735378, 0.02793407403876258
1286, 0.2670280499735378, 0.02793407403876258
1287, 0.2670280499735378, 0.02793407403876258
1288, 0.2670280499735378, 0.02793407403876258
1289, 0.2670280499735378, 0.02793407403876258
1290, 0.2670280499735378, 0.02793407403876258
1291, 0.2670280499735378, 0.02793407403876258
1292, 0.2670280499735378, 0.02793407403876258
1293, 0.2670280499735378, 0.02793407403876258
1294, 0.2670280499735378, 0.02793407403876258
1295, 0.2670280499735378, 0.02793407403876258
1296, 0.2670280499735378, 0.02793407403876258
1297, 0.2670280499735378, 0.02793407403876258
1298, 0.2670280499735378, 0.02793407403876258
1299, 0.2670280499735378, 0.02793407403876258
1300, 0.2670280499735378, 0.02793407403876258
1301, 0.2670280499735378, 0.02793407403876258
1302, 0.2670280499735378, 0.02793407403876258
1303, 0.2670280499735378, 0.02793407403876258
1304, 0.2670280499735378, 0.02793407403876258
1305, 0.2670280499735378, 0.02793407403876258
1306, 0.2670280499735378, 0.02793407403876258
1307, 0.2670280499735378, 0.02793407403876258
1308, 0.2670280499735378, 0.02793407403876258
1309, 0.2670280499735378, 0.02793407403876258
1310, 0.2670280499735378, 0.02793407403876258
1311, 0.2670280499735378, 0.02793407403876258
1312, 0.2670280499735378, 0.02793407403876258
1313, 0.2670280499735378, 0.02793407403876258
1314, 0.2670280499735378, 0.02793407403876258
1315, 0.2670280499735378, 0.02793407403876258
1316, 0.2670280499735378, 0.02793407403876258
1317, 0.2670280499735378, 0.02793407403876258
1318, 0.2670280499735378, 0.02793407403876258
1319, 0.2670280499735378, 0.02793407403876258
1320, 0.2670280499735378, 0.02793407403876258
1321, 0.2670280499735378, 0.02793407403876258
1322, 0.2670280499735378, 0.02793407403876258
1323, 0.2670280499735378, 0.02793407403876258
1324, 0.2670280499735378, 0.02793407403876258
1325, 0.2670280499735378, 0.02793407403876258
1326, 0.2670280499735378, 0.02793407403876258
1327, 0.2670280499735378, 0.02793407403876258
1328, 0.2670280499735378, 0.02793407403876258
1329, 0.2670280499735378, 0.02793407403876258
1330, 0.2670280499735378, 0.02793407403876258
1331, 0.2670280499735378, 0.02793407403876258
1332, 0.2670280499735378, 0.02793407403876258
1333, 0.2670280499735378, 0.02793407403876258
1334, 0.2670280499735378, 0.02793407403876258
1335, 0.2670280499735378, 0.02793407403876258
1336, 0.2670280499735378, 0.02793407403876258
1337, 0.2670280499735378, 0.02793407403876258
1338, 0.2670280499735378, 0.02793407403876258
1339, 0.2670280499735378, 0.02793407403876258
1340, 0.2670280499735378, 0.02793407403876258
1341, 0.2670280499735378, 0.02793407403876258
1342, 0.2670280499735378, 0.02793407403876258
1343, 0.2670280499735378, 0.02793407403876258
1344, 0.2670280499735378, 0.02793407403876258
1345, 0.2670280499735378, 0.02793407403876258
1346, 0.2670280499735378, 0.02793407403876258
1347, 0.2670280499735378, 0.02793407403876258
1348, 0.2670280499735378, 0.02793407403876258
1349, 0.2670280499735378, 0.02793407403876258
1350, 0.2670280499735378, 0.02793407403876258
1351, 0.2670280499735378, 0.02793407403876258
1352, 0.2670280499735378, 0.02793407403876258
1353, 0.2670280499735378, 0.02793407403876258
1354, 0.2670280499735378, 0.02793407403876258
1355, 0.2670280499735378, 0.02793407403876258
1356, 0.2670280499735378, 0.02793407403876258
1357, 0.2670280499735378, 0.02793407403876258
1358, 0.2670280499735378, 0.02793407403876258
1359, 0.2670280499735378, 0.02793407403876258
1360, 0.2670280499735378, 0.02793407403876258
1361, 0.2670280499735378, 0.02793407403876258
1362, 0.2670280499735378, 0.02793407403876258
1363, 0.2670280499735378, 0.02793407403876258
1364, 0.2670280499735378, 0.02793407403876258
1365, 0.2670280499735378, 0.02793407403876258
1366, 0.2670280499735378, 0.02793407403876258
1367, 0.2670280499735378, 0.02793407403876258
1368, 0.2670280499735378, 0.02793407403876258
1369, 0.2670280499735378, 0.02793407403876258
1370, 0.2670280499735378, 0.02793407403876258
1371, 0.2670280499735378, 0.02793407403876258
1372, 0.2670280499735378, 0.02793407403876258
1373, 0.2670280499735378, 0.02793407403876258
1374, 0.2670280499735378, 0.02793407403876258
1375, 0.2670280499735378, 0.02793407403876258
1376, 0.2670280499735378, 0.02793407403876258
1377, 0.2670280499735378, 0.02793407403876258
1378, 0.2670280499735378, 0.02793407403876258
1379, 0.2670280499735378, 0.02793407403876258
1380, 0.2670280499735378, 0.02793407403876258
1381, 0.2670280499735378, 0.02793407403876258
1382, 0.2670280499735378, 0.02793407403876258
1383, 0.2670280499735378, 0.02793407403876258
1384, 0.2670280499735378, 0.02793407403876258
1385, 0.2670280499735378, 0.02793407403876258
1386, 0.2670280499735378, 0.02793407403876258
1387, 0.2670280499735378, 0.02793407403876258
1388, 0.2670280499735378, 0.02793407403876258
1389, 0.2670280499735378, 0.02793407403876258
1390, 0.2670280499735378, 0.02793407403876258
1391, 0.2670280499735378, 0.02793407403876258
1392, 0.2670280499735378, 0.02793407403876258
1393, 0.2670280499735378, 0.02793407403876258
1394, 0.2670280499735378, 0.02793407403876258
1395, 0.2670280499735378, 0.02793407403876258
1396, 0.2670280499735378, 0.02793407403876258
1397, 0.2670280499735378, 0.02793407403876258
1398, 0.2670280499735378, 0.02793407403876258
1399, 0.2670280499735378, 0.02793407403876258
1400, 0.2670280499735378, 0.02793407403876258
1401, 0.2670280499735378, 0.02793407403876258
1402, 0.2670280499735378, 0.02793407403876258
1403, 0.2670280499735378, 0.02793407403876258
1404, 0.2670280499735378, 0.017781700942065548
1405, 0.2670280499735378, 0.017781700942065548
1406, 0.2670280499735378, 0.017781700942065548
1407, 0.2670280499735378, 0.017781700942065548
1408, 0.2670280499735378, 0.017781700942065548
1409, 0.2670280499735378, 0.017781700942065548
1410, 0.2670280499735378, 0.017781700942065548
1411, 0.2670280499735378, 0.017781700942065548
1412, 0.2670280499735378, 0.017781700942065548
1413, 0.2670280499735378, 0.017781700942065548
1414, 0.2670280499735378, 0.017781700942065548
1415, 0.2670280499735378, 0.017781700942065548
1416, 0.2670280499735378, 0.017781700942065548
1417, 0.2670280499735378, 0.017781700942065548
1418, 0.2670280499735378, 0.017781700942065548
1419, 0.2670280499735378, 0.017781700942065548
1420, 0.2670280499735378, 0.017781700942065548
1421, 0.2670280499735378, 0.017781700942065548
1422, 0.2670280499735378, 0.017781700942065548
1423, 0.2670280499735378, 0.017781700942065548
1424, 0.2670280499735378, 0.017781700942065548
1425, 0.2670280499735378, 0.017781700942065548
1426, 0.2670280499735378, 0.017781700942065548
1427, 0.2670280499735378, 0.017781700942065548
1428, 0.2670280499735378, 0.017781700942065548
1429, 0.2670280499735378, 0.017781700942065548
1430, 0.2670280499735378, 0.017781700942065548
1431, 0.2670280499735378, 0.017781700942065548
1432, 0.2670280499735378, 0.017781700942065548
1433, 0.2670280499735378, 0.017781700942065548
1434, 0.2670280499735378, 0.017781700942065548
1435, 0.2670280499735378, 0.017781700942065548
1436, 0.2670280499735378, 0.017781700942065548
1437, 0.2670280499735378, 0.017781700942065548
1438, 0.2670280499735378, 0.017781700942065548
1439, 0.2670280499735378, 0.017781700942065548
1440, 0.2670280499735378, 0.017781700942065548
1441, 0.2670280499735378, 0.017781700942065548
1442, 0.2670280499735378, 0.017781700942065548
1443, 0.2670280499735378, 0.017781700942065548
1444, 0.2670280499735378, 0.017781700942065548
1445, 0.2670280499735378, 0.017781700942065548
1446, 0.2670280499735378, 0.017781700942065548
1447, 0.2670280499735378, 0.017781700942065548
1448, 0.2670280499735378, 0.017781700942065548
1449, 0.2670280499735378, 0.017781700942065548
1450, 0.2670280499735378, 0.017781700942065548
1451, 0.2670280499735378, 0.017781700942065548
1452, 0.2670280499735378, 0.017781700942065548
1453, 0.2670280499735378, 0.017781700942065548
1454, 0.2670280499735378, 0.017781700942065548
1455, 0.2670280499735378, 0.017781700942065548
1456, 0.2670280499735378, 0.017781700942065548
1457, 0.2670280499735378, 0.017781700942065548
1458, 0.2670280499735378, 0.017781700942065548
1459, 0.2670280499735378, 0.017781700942065548
1460, 0.2670280499735378, 0.017781700942065548
1461, 0.2670280499735378, 0.017781700942065548
1462, 0.2670280499735378, 0.017781700942065548
1463, 0.2670280499735378, 0.017781700942065548
1464, 0.2670280499735378, 0.017781700942065548
1465, 0.2670280499735378, 0.017781700942065548
1466, 0.2670280499735378, 0.017781700942065548
1467, 0.2670280499735378, 0.017781700942065548
1468, 0.2670280499735378, 0.017781700942065548
1469, 0.2670280499735378, 0.017781700942065548
1470, 0.2670280499735378, 0.017781700942065548
1471, 0.2670280499735378, 0.017781700942065548
1472, 0.2670280499735378, 0.017781700942065548
1473, 0.2670280499735378, 0.017781700942065548
1474, 0.2670280499735378, 0.017781700942065548
1475, 0.2670280499735378, 0.017781700942065548
1476, 0.2670280499735378, 0.017781700942065548
1477, 0.2670280499735378, 0.017781700942065548
1478, 0.2670280499735378, 0.017781700942065548
1479, 0.2670280499735378, 0.017781700942065548
1480, 0.2670280499735378, 0.017781700942065548
1481, 0.2670280499735378, 0.017781700942065548
1482, 0.2670280499735378, 0.017781700942065548
1483, 0.2670280499735378, 0.017781700942065548
1484, 0.2670280499735378, 0.017781700942065548
1485, 0.2670280499735378, 0.017781700942065548
1486, 0.2670280499735378, 0.017781700942065548
1487, 0.2670280499735378, 0.017781700942065548
1488, 0.2670280499735378, 0.017781700942065548
1489, 0.2670280499735378, 0.017781700942065548
1490, 0.2670280499735378, 0.017781700942065548
1491, 0.2670280499735378, 0.017781700942065548
1492, 0.2670280499735378, 0.017781700942065548
1493, 0.2670280499735378, 0.017781700942065548
1494, 0.2670280499735378, 0.017781700942065548
1495, 0.2670280499735378, 0.017781700942065548
1496, 0.2670280499735378, 0.017781700942065548
1497, 0.2670280499735378, 0.017781700942065548
1498, 0.2670280499735378, 0.017781700942065548
1499, 0.2670280499735378, 0.017781700942065548
1500, 0.2670280499735378, 0.017781700942065548
1501, 0.2670280499735378, 0.017781700942065548
1502, 0.2670280499735378, 0.017781700942065548
1503, 0.2670280499735378, 0.017781700942065548
1504, 0.2670280499735378, 0.017781700942065548
1505, 0.2670280499735378, 0.017781700942065548
1506, 0.2670280499735378, 0.017781700942065548
1507, 0.2670280499735378, 0.017781700942065548
1508, 0.2670280499735378, 0.017781700942065548
1509, 0.2670280499735378, 0.017781700942065548
1510, 0.2670280499735378, 0.017781700942065548
1511, 0.2670280499735378, 0.017781700942065548
1512, 0.2670280499735378, 0.017781700942065548
1513, 0.2670280499735378, 0.017781700942065548
1514, 0.2670280499735378, 0.017781700942065548
1515, 0.2670280499735378, 0.017781700942065548
1516, 0.2670280499735378, 0.017781700942065548
1517, 0.2670280499735378, 0.017781700942065548
1518, 0.2670280499735378, 0.017781700942065548
1519, 0.2670280499735378, 0.017781700942065548
1520, 0.2670280499735378, 0.017781700942065548
1521, 0.2670280499735378, 0.017781700942065548
1522, 0.2670280499735378, 0.017781700942065548
1523, 0.2670280499735378, 0.017781700942065548
1524, 0.2670280499735378, 0.017781700942065548
1525, 0.2670280499735378, 0.017781700942065548
1526, 0.2670280499735378, 0.017781700942065548
1527, 0.2670280499735378, 0.017781700942065548
1528, 0.2670280499735378, 0.017781700942065548
1529, 0.2670280499735378, 0.017781700942065548
1530, 0.2670280499735378, 0.017781700942065548
1531, 0.2670280499735378, 0.017781700942065548
1532, 0.2670280499735378, 0.017781700942065548
1533, 0.2670280499735378, 0.017781700942065548
1534, 0.2670280499735378, 0.017781700942065548
1535, 0.2670280499735378, 0.017781700942065548
1536, 0.2670280499735378, 0.017781700942065548
1537, 0.2670280499735378, 0.017781700942065548
1538, 0.2670280499735378, 0.017781700942065548
1539, 0.2670280499735378, 0.017781700942065548
1540, 0.2670280499735378, 0.017781700942065548
1541, 0.2670280499735378, 0.017781700942065548
1542, 0.2670280499735378, 0.017781700942065548
1543, 0.2670280499735378, 0.017781700942065548
1544, 0.2670280499735378, 0.017781700942065548
1545, 0.2670280499735378, 0.017781700942065548
1546, 0.2670280499735378, 0.017781700942065548
1547, 0.2670280499735378, 0.017781700942065548
1548, 0.2670280499735378, 0.017781700942065548
1549, 0.2670280499735378, 0.017781700942065548
1550, 0.2670280499735378, 0.017781700942065548
1551, 0.2670280499735378, 0.017781700942065548
1552, 0.2670280499735378, 0.017781700942065548
1553, 0.2670280499735378, 0.017781700942065548
1554, 0.2670280499735378, 0.017781700942065548
1555, 0.2670280499735378, 0.017781700942065548
1556, 0.2670280499735378, 0.017781700942065548
1557, 0.2670280499735378, 0.017781700942065548
1558, 0.2670280499735378, 0.017781700942065548
1559, 0.2670280499735378, 0.017781700942065548
1560, 0.2670280499735378, 0.017781700942065548
1561, 0.2670280499735378, 0.017781700942065548
1562, 0.2670280499735378, 0.017781700942065548
1563, 0.2670280499735378, 0.017781700942065548
1564, 0.2670280499735378, 0.017781700942065548
1565, 0.2670280499735378, 0.017781700942065548
1566, 0.2670280499735378, 0.017781700942065548
1567, 0.2670280499735378, 0.017781700942065548
1568, 0.2670280499735378, 0.017781700942065548
1569, 0.2670280499735378, 0.017781700942065548
1570, 0.2670280499735378, 0.017781700942065548
1571, 0.2670280499735378, 0.017781700942065548
1572, 0.2670280499735378, 0.017781700942065548
1573, 0.2670280499735378, 0.017781700942065548
1574, 0.2670280499735378, 0.017781700942065548
1575, 0.2670280499735378, 0.017781700942065548
1576, 0.2670280499735378, 0.017781700942065548
1577, 0.2670280499735378, 0.017781700942065548
1578, 0.2670280499735378, 0.017781700942065548
1579, 0.2670280499735378, 0.017781700942065548
1580, 0.2670280499735378, 0.017781700942065548
1581, 0.2670280499735378, 0.017781700942065548
1582, 0.2670280499735378, 0.017781700942065548
1583, 0.2670280499735378, 0.017781700942065548
1584, 0.2670280499735378, 0.017781700942065548
1585, 0.2670280499735378, 0.017781700942065548
1586, 0.2670280499735378, 0.017781700942065548
1587, 0.2670280499735378, 0.017781700942065548
1588, 0.2670280499735378, 0.017781700942065548
1589, 0.2670280499735378, 0.017781700942065548
1590, 0.2670280499735378, 0.017781700942065548
1591, 0.2670280499735378, 0.017781700942065548
1592, 0.2670280499735378, 0.017781700942065548
1593, 0.2670280499735378, 0.017781700942065548
1594, 0.2670280499735378, 0.017781700942065548
1595, 0.2670280499735378, 0.017781700942065548
1596, 0.2670280499735378, 0.017781700942065548
1597, 0.2670280499735378, 0.017781700942065548
1598, 0.2670280499735378, 0.017781700942065548
1599, 0.2670280499735378, 0.017781700942065548
1600, 0.2670280499735378, 0.017781700942065548
1601, 0.2670280499735378, 0.017781700942065548
1602, 0.2670280499735378, 0.017781700942065548
1603, 0.2670280499735378, 0.017781700942065548
1604, 0.2670280499735378, 0.017781700942065548
1605, 0.2670280499735378, 0.017781700942065548
1606, 0.2670280499735378, 0.017781700942065548
1607, 0.2670280499735378, 0.017781700942065548
1608, 0.2670280499735378, 0.017781700942065548
1609, 0.2670280499735378, 0.017781700942065548
1610, 0.2670280499735378, 0.017781700942065548
1611, 0.2670280499735378, 0.017781700942065548
1612, 0.2670280499735378, 0.017781700942065548
1613, 0.2670280499735378, 0.017781700942065548
1614, 0.2670280499735378, 0.017781700942065548
1615, 0.2670280499735378, 0.017781700942065548
1616, 0.2670280499735378, 0.017781700942065548
1617, 0.2670280499735378, 0.017781700942065548
1618, 0.2670280499735378, 0.017781700942065548
1619, 0.2670280499735378, 0.017781700942065548
1620, 0.2670280499735378, 0.017781700942065548
1621, 0.2670280499735378, 0.017781700942065548
1622, 0.2670280499735378, 0.017781700942065548
1623, 0.2670280499735378, 0.017781700942065548
1624, 0.2670280499735378, 0.017781700942065548
1625, 0.2670280499735378, 0.017781700942065548
1626, 0.2670280499735378, 0.017781700942065548
1627, 0.2670280499735378, 0.017781700942065548
1628, 0.2670280499735378, 0.017781700942065548
1629, 0.2670280499735378, 0.017781700942065548
1630, 0.2670280499735378, 0.017781700942065548
1631, 0.2670280499735378, 0.017781700942065548
1632, 0.2670280499735378, 0.017781700942065548
1633, 0.2670280499735378, 0.017781700942065548
1634, 0.2670280499735378, 0.017781700942065548
1635, 0.2670280499735378, 0.017781700942065548
1636, 0.2670280499735378, 0.017781700942065548
1637, 0.2670280499735378, 0.017781700942065548
1638, 0.2670280499735378, 0.017781700942065548
1639, 0.2670280499735378, 0.017781700942065548
1640, 0.2670280499735378, 0.017781700942065548
1641, 0.2670280499735378, 0.017781700942065548
1642, 0.2670280499735378, 0.017781700942065548
1643, 0.2670280499735378, 0.017781700942065548
1644, 0.2670280499735378, 0.017781700942065548
1645, 0.2670280499735378, 0.017781700942065548
1646, 0.2670280499735378, 0.017781700942065548
1647, 0.2670280499735378, 0.017781700942065548
1648, 0.2670280499735378, 0.017781700942065548
1649, 0.2670280499735378, 0.017781700942065548
1650, 0.2670280499735378, 0.017781700942065548
1651, 0.2670280499735378, 0.017781700942065548
1652, 0.2670280499735378, 0.017781700942065548
1653, 0.2670280499735378, 0.017781700942065548
1654, 0.2670280499735378, 0.017781700942065548
1655, 0.2670280499735378, 0.017781700942065548
1656, 0.2670280499735378, 0.017781700942065548
1657, 0.2670280499735378, 0.017781700942065548
1658, 0.2670280499735378, 0.017781700942065548
1659, 0.2670280499735378, 0.017781700942065548
1660, 0.2670280499735378, 0.017781700942065548
1661, 0.2670280499735378, 0.017781700942065548
1662, 0.2670280499735378, 0.017781700942065548
1663, 0.2670280499735378, 0.017781700942065548
1664, 0.2670280499735378, 0.017781700942065548
